id,first_name,last_name,email
1,Jenifer,Gusney,862-427-5939
2,Tanney,Lumox,209-318-7680
3,Barry,Jenkison,123-130-5941
4,Phillida,Winscum,921-255-6550
5,Wally,Androli,755-833-8823
6,Ezri,Oley,974-178-3563
7,Thelma,Lerner,118-426-4681
8,Rois,Celez,952-581-7583
9,Biddie,Pyzer,415-697-3957
10,Idalia,Pickthorn,789-197-8899
11,Hayden,Brecknock,662-452-0801
12,Kingsley,Godmer,341-295-8420
13,Elora,Houlison,488-418-2143
14,Tim,Short,130-174-0051
15,Viv,Harry,425-137-8861
16,Ring,Wards,658-681-9310
17,Molly,Eggins,295-587-7263
18,Clementia,Trueman,424-595-4008
19,Morgan,Schulter,746-915-2428
20,Jesus,Hebner,898-159-5898
21,Toby,Sinson,687-827-2272
22,Chaddie,Radden,410-846-8352
23,Lamar,Brounsell,409-578-0807
24,Auberon,Aggott,432-545-4819
25,Hollie,Schoolfield,233-334-0405
26,Orbadiah,Wrightim,869-942-6169
27,Hilda,Boldt,331-141-4004
28,Rania,Rignoldes,513-823-1122
29,Ashley,Ranking,998-484-4397
30,Boris,Tomasutti,894-130-1453
31,Fayth,Rosentholer,687-459-1009
32,Marie-ann,Stutard,367-676-0835
33,Burl,Yaxley,214-642-9207
34,Elbertine,Pearcy,315-591-5327
35,Saidee,Mandell,853-345-1544
36,Kitti,Staning,941-972-1498
37,Ryan,Bagley,691-291-1399
38,Gary,Routley,667-918-6286
39,Daniel,Hartrick,815-339-1348
40,Sergei,Dabinett,179-793-2035
41,Janessa,Coultas,338-742-5228
42,Kare,Ortes,103-813-9249
43,Pearle,Heindle,478-546-4341
44,Chevy,Fockes,176-739-3108
45,Nike,Kevlin,568-597-3854
46,Grady,Sarle,649-663-2175
47,Marybelle,Mangam,392-978-4850
48,Bunni,Halewood,390-297-1707
49,Roderick,MacCallion,695-253-9509
50,Chariot,Lenham,602-150-4456
51,Dion,Lassey,404-878-0910
52,Ari,Leupold,693-820-2284
53,Aylmar,Rickertsen,533-848-1818
54,Claretta,Darville,107-971-0888
55,Idalina,Batts,493-158-1182
56,Buiron,Jery,387-782-3126
57,Virge,Tortice,746-598-1942
58,Shalom,Pedrol,537-110-0946
59,Beverlee,Ateridge,251-373-0279
60,Bordy,Folcarelli,370-366-7795
61,Justin,Hedditeh,152-768-1126
62,Rachelle,Siggs,708-943-9572
63,Ian,Powlesland,124-628-5662
64,Marget,Philler,888-741-6571
65,Roddy,Meggison,647-941-1982
66,Jeana,Hoffmann,675-795-0515
67,Emmanuel,Tarply,339-809-3066
68,Emmerich,Bullard,323-354-6619
69,Torey,Acott,518-286-3365
70,Barny,Ratchford,568-294-8144
71,Micki,Titta,466-499-1755
72,Cherilynn,Clandillon,693-569-0993
73,Willey,Sprowle,789-136-2844
74,Ashly,Gowan,282-201-8174
75,Gilemette,Maryet,811-242-8737
76,Staci,Fergie,396-676-3033
77,Gracia,Finnis,301-676-2648
78,Juieta,Thirkettle,880-490-5484
79,Etheline,Leppo,357-906-6052
80,Pietra,Wallenger,325-888-1632
81,Ninon,O'Quin,666-573-2769
82,Urban,Croot,233-615-8259
83,Margarita,Meardon,892-787-1481
84,Agneta,McCritchie,126-452-3549
85,Lindsey,Traut,890-599-0082
86,Kristi,Laskey,607-266-8884
87,Virginie,Cuthbertson,141-437-1605
88,Eric,Blewett,212-784-8780
89,Sharia,Strewthers,874-607-2347
90,Fanny,Misk,260-953-1281
91,Christalle,Akehurst,394-127-0374
92,Rubetta,Garlick,551-986-9533
93,Gannon,Hansley,564-668-0258
94,Moina,Bellow,238-346-5808
95,Torry,Barrick,709-720-4784
96,Belinda,Bourgour,951-535-0826
97,Jackie,Cason,425-250-0502
98,Kippar,Pfeffle,572-503-9802
99,Pamella,Brunesco,141-424-4789
100,Jarrod,Doggrell,120-345-3790
101,Lonna,Cottis,807-427-2286
102,Tim,Learmond,880-464-2911
103,Suellen,Ilett,557-453-4716
104,Perkin,Nitto,406-715-9526
105,Nerti,Blacksland,729-836-2823
106,Lory,Parcell,507-753-8603
107,Kally,Bonnett,156-888-9204
108,Rouvin,Burkhill,617-193-7997
109,Carleton,Cressey,527-801-6299
110,Rozina,Arent,877-606-6393
111,Hallsy,Haskett,460-646-3949
112,Louisa,Chidley,734-164-4912
113,Duffy,Darth,246-931-8823
114,Briano,Waterstone,478-479-5642
115,Ramsey,Kittow,735-128-4341
116,Abbott,Mutton,499-919-5028
117,Emmaline,Petersen,205-288-9301
118,Merry,Rubinowicz,507-602-8371
119,Nolly,Vaissiere,892-519-6293
120,Melody,Barnhill,345-244-3723
121,King,Mahedy,277-580-7558
122,Andrea,Moreinu,148-977-0371
123,Alfie,Pistol,886-222-3789
124,Anderson,Thombleson,456-390-9341
125,Symon,Gorges,365-615-8383
126,Kimmy,Ledbetter,980-308-4218
127,Gallagher,Makin,811-996-9690
128,Reinald,Alastair,619-493-3457
129,Morie,Ciobotaro,374-977-3401
130,Benn,Oylett,954-584-9824
131,Keeley,Rennick,437-452-2826
132,Devondra,Mattioni,430-205-4315
133,Augustine,Padmore,189-827-5854
134,Giana,Taffe,659-767-2093
135,Joete,Waby,312-470-6317
136,Camala,Brideaux,622-851-8088
137,Van,Jacquemet,762-714-9368
138,Alaric,Donnersberg,749-598-9332
139,Colin,Bremley,138-903-4930
140,Mureil,Warlawe,433-154-6691
141,Dwain,Floris,209-952-6327
142,Cathrine,Ough,728-742-8640
143,Ronny,Dobie,128-965-9435
144,Ruthy,Messitt,247-429-7973
145,Letitia,Kmicicki,301-800-0686
146,Ichabod,Fautly,449-140-1604
147,Trudy,Barnewall,221-877-0189
148,Heather,Von Hindenburg,311-324-7807
149,Lurline,Lott,581-180-4294
150,Stella,Grinnikov,294-217-5696
151,Elladine,Gelletly,926-688-5401
152,Gertrud,Chetham,872-736-7508
153,Perry,Carabine,572-282-8763
154,Athena,Rhoddie,739-399-7284
155,Scot,Pylkynyton,600-809-5267
156,Clem,Ferreres,247-249-0366
157,Seline,Brailey,759-347-1169
158,Otes,Kennelly,269-432-3477
159,Annelise,Gristock,923-518-0291
160,Tawnya,McLarens,495-273-6340
161,Ashien,Purdom,161-434-8597
162,Mira,Mix,730-867-1854
163,Frederick,Selley,959-153-6268
164,Finn,Sacher,840-691-6280
165,Jeannette,Daborne,422-538-2180
166,Egbert,Kealey,614-224-6149
167,Craggie,Lujan,343-432-4697
168,Michael,Georger,181-540-5939
169,Leonelle,Raeside,253-161-3925
170,Uriel,Warland,151-111-6390
171,Jaime,Loding,320-174-3137
172,Benjy,Wyld,710-820-7847
173,Pattin,Morilla,127-969-4235
174,Nicoli,Bickerstaffe,303-567-4968
175,Lory,Gilli,936-999-0000
176,Winn,Huetson,308-826-0434
177,Hal,McDarmid,636-120-9665
178,Nevins,Bandt,192-358-2407
179,Dorene,Robke,727-952-3506
180,Marijo,Riddock,777-868-6958
181,Leora,Tute,219-286-4438
182,Dominga,Crippill,910-866-2679
183,Shaylynn,Menault,762-765-1555
184,Isidora,Raymen,153-450-3299
185,Donalt,Wallbanks,726-815-5131
186,Roderic,Grindley,397-830-4015
187,Cherye,O' Mullan,778-890-4676
188,Talyah,Gaskin,860-332-9186
189,Eduino,de Clerc,517-270-9071
190,Ignacio,Torn,816-178-1103
191,Fawn,Mattock,389-270-2124
192,Osborn,Balazot,734-566-3618
193,Derry,Gianetti,205-352-0771
194,Agathe,Daggett,350-382-2052
195,Laurella,Hext,315-952-7701
196,Betsey,Treece,777-104-8486
197,Garvey,Rossey,590-471-1219
198,Dale,Esberger,882-209-7278
199,Tandy,Berends,857-958-4663
200,Dorie,Crowche,826-700-4976
201,Dal,Juszczyk,628-258-4821
202,Keir,Heap,202-600-7385
203,Lucias,Sobczak,759-341-7139
204,Bliss,Yorston,772-245-4691
205,Enos,Berzins,616-902-2407
206,Michaeline,Furneaux,354-426-1199
207,Esther,Willmett,260-878-0394
208,Juliann,Boom,398-302-3664
209,Mayer,Roskam,538-604-3082
210,Brita,Kingsbury,732-196-0764
211,Winthrop,Tanby,465-280-8714
212,Neil,Purkess,456-867-8772
213,Simonne,Hudless,584-502-5426
214,Davon,Hayball,726-510-0070
215,Dare,Reschke,224-890-5621
216,Frederigo,Lief,585-716-9091
217,Niven,Spritt,233-328-0935
218,Liane,Udey,990-405-9731
219,Bartlett,Magner,301-679-8149
220,Corena,Goodale,846-716-2767
221,Eva,Brommage,388-240-3493
222,Nariko,Winspear,501-443-4526
223,Rheta,Lambart,217-804-2886
224,Vassily,Karleman,805-412-3644
225,Yalonda,Shoubridge,258-138-9708
226,Bryant,Sirmond,791-554-6528
227,Conchita,MacMeeking,533-183-1397
228,Shalne,Gaitley,957-546-7235
229,Juline,Edwardes,865-258-2638
230,Saunderson,Burdfield,125-199-1235
231,Angeline,Humble,588-243-5423
232,Mady,Hodgins,184-315-3144
233,Jarad,Tunney,611-337-7042
234,Orion,Bountiff,137-608-6736
235,Nico,Cardow,504-178-8573
236,Cordy,Keegan,380-962-8673
237,Ruby,Dhenin,105-834-6191
238,Valentine,Hamsson,124-879-5281
239,Stavros,McGlaughn,915-479-8920
240,Susie,Hendrick,247-334-4935
241,Sharl,Beldum,409-338-0417
242,Randa,Pigeon,408-563-8612
243,Maggy,Fobidge,230-185-9852
244,Franny,Beach,964-865-3466
245,Daryl,Mountcastle,374-294-3202
246,Anselma,Luke,389-702-0817
247,Sharleen,Hayles,680-914-6586
248,Penn,Jurisch,185-529-4787
249,Helli,Willman,283-870-1223
250,Justina,Stubbes,237-428-3425
251,Sanders,Dillestone,280-439-6206
252,Janine,Antognelli,179-417-4073
253,Reena,Saddler,971-844-7506
254,Kevina,Guilliatt,565-411-9146
255,Norma,Alywen,912-184-0191
256,Ximenes,O'Corrin,421-566-4592
257,Matty,Roughley,338-981-6800
258,Evan,Bloss,288-117-5503
259,Cobbie,Reace,140-799-7240
260,Dody,Scadden,509-281-7532
261,Lacy,Heathfield,380-752-8213
262,Berk,Grima,346-502-3152
263,Andre,Lawrinson,905-793-2185
264,Sharlene,Skillman,522-460-3608
265,Netti,Grewer,822-321-8487
266,Archie,Giacomozzo,896-784-5973
267,Kile,Coultard,765-139-3975
268,Augustus,Ranshaw,944-420-3488
269,Ulick,Kolodziejski,320-277-9166
270,Annabelle,Wenderoth,843-728-5052
271,Shandie,Kuhnel,520-606-7187
272,Shanna,Westmoreland,150-117-0616
273,Raddie,Vincent,784-802-8531
274,Elizabet,Pannett,386-776-2180
275,Jeffy,Roxbrough,376-725-3448
276,Linoel,Allnutt,209-711-5420
277,Megan,Vasyunichev,998-290-2842
278,Colman,Casero,205-943-3188
279,Mariska,Beauvais,780-565-5675
280,Abran,Trill,734-831-6833
281,Kaja,Filippazzo,693-946-9420
282,Susy,Merredy,990-232-9538
283,Brett,Crummey,846-168-5511
284,Toby,Leupold,553-823-5372
285,Egon,Ekell,825-532-1861
286,Joscelin,Dioniso,869-870-6667
287,Judy,Ganforth,604-872-3444
288,Chelsea,Portis,495-998-9397
289,Alyssa,Pixton,206-187-4935
290,Koral,Tunny,355-702-6655
291,Vonny,Gelderd,657-440-8334
292,Blaine,Macveigh,240-613-8316
293,Beulah,Earie,750-596-4321
294,Sergeant,Della,972-825-3294
295,Jerrold,Speariett,862-411-7543
296,Wakefield,Alberts,196-222-8992
297,Jedd,Grayer,476-129-7477
298,Fremont,Claye,873-850-8586
299,Melodee,Olech,665-435-8163
300,Alasdair,Skeene,254-527-2160
301,Silas,Haggidon,157-390-4206
302,Cathi,Oxnam,424-346-4180
303,Pearle,Hutchings,418-753-7187
304,Raul,Makin,752-106-3265
305,Hallie,Peever,898-468-7811
306,Judie,Amer,729-310-8093
307,Dniren,Reinert,375-550-6423
308,Erna,MacPeice,181-373-7896
309,Nelli,Tollow,593-183-4548
310,Rhett,Shilburne,980-794-8523
311,Leeanne,Sixsmith,610-941-1157
312,Wrennie,Trathan,239-128-1551
313,Milt,Keenan,436-559-6535
314,Traver,Upton,563-899-5925
315,Allx,Thacker,869-655-0280
316,Adriana,McFade,901-269-0328
317,Gibb,Thornebarrow,270-164-0322
318,Karolina,Gilcrist,446-883-0838
319,Kaycee,Redwin,551-597-0913
320,Calhoun,Olphert,815-667-5622
321,Garvy,Wye,508-617-9109
322,Isac,Blincowe,361-164-6651
323,Boyd,Siddell,799-553-7226
324,Ivett,Bunny,938-275-1153
325,Brady,Micka,122-422-8554
326,Zedekiah,Whitsey,441-951-6421
327,Mathilde,Tice,177-409-8918
328,Anstice,Goodie,812-832-4585
329,Allina,Aronow,997-911-2628
330,Case,Bayliss,763-317-6025
331,Alikee,Jelphs,658-562-9001
332,Brandon,Gjerde,770-321-5148
333,Garik,Milstead,670-349-6242
334,Justine,Stanbury,222-723-9457
335,Nicolais,Skynner,622-852-1893
336,Basile,Gye,786-534-2609
337,Kaleena,Grandin,775-746-4198
338,Roman,Gilford,523-201-1194
339,Bobby,Fishpoole,408-440-7740
340,Windy,Hubback,230-928-2667
341,Kahaleel,Spittles,756-196-3160
342,Eydie,Dickings,127-489-4713
343,Conrade,Patek,895-113-8660
344,Jaquelyn,Jakubovits,414-943-6717
345,Idalia,Hann,751-467-5490
346,Royal,Josling,297-573-7571
347,Edik,Ayllett,786-349-3346
348,Leticia,Cabell,200-347-5258
349,Odey,Guillon,974-632-9920
350,Clair,Drewell,881-206-7817
351,Son,Kluge,536-312-0410
352,Haley,Delafont,969-421-9863
353,Cathlene,Beven,562-133-6402
354,Lelia,Tomankiewicz,384-317-2021
355,Milena,Clem,186-756-1042
356,Martica,Stedmond,714-133-9987
357,Starlene,Patron,511-506-2375
358,Malcolm,Charlon,309-351-2495
359,Timothea,Shoosmith,911-770-9950
360,Hardy,Hessay,341-946-7104
361,Ambrosi,Neubigin,392-297-3985
362,Fayre,Le feuvre,948-777-4974
363,Ezechiel,Haversum,622-238-3947
364,Beverlie,Dimond,600-488-8498
365,Addia,Dewsnap,710-638-3334
366,Astrid,Shevell,385-964-5684
367,Henri,Groucutt,988-882-3372
368,Harwilll,Bales,876-793-8713
369,Susette,Mc Ilory,365-546-8379
370,Gussi,Jouannin,117-744-0693
371,Friedrich,Roxby,229-783-0774
372,Kirbie,Tembridge,668-590-7529
373,Filippo,Sheere,145-896-7300
374,Aretha,Murrigan,253-147-7357
375,Romain,Cush,832-574-8745
376,Robinette,Gatley,786-922-7682
377,Tildy,Bouttell,150-766-3907
378,Thane,Shillabeare,536-668-5729
379,Erny,Demogeot,831-676-7478
380,Simonette,Tocqueville,531-283-1889
381,Kelley,Martin,160-631-5348
382,Sherman,Wearden,330-251-8406
383,Karia,Lardeur,974-960-4152
384,Wanids,Pietruszka,600-962-6027
385,Gordon,Whittenbury,901-137-3292
386,Lindi,Binks,317-891-5509
387,Alameda,Toller,924-904-6840
388,Ingmar,Pearcey,679-733-9737
389,Malissia,Bracer,329-456-1235
390,Chantal,Extill,927-655-3837
391,Mada,Bunson,253-987-8444
392,Raine,Reijmers,766-722-0134
393,Zackariah,Martignoni,766-285-2796
394,Tara,Pentony,833-135-6988
395,Bryan,Ricca,615-771-9482
396,Ruttger,Chimenti,820-814-6377
397,Inger,Pattemore,180-688-9242
398,Farra,Danbi,845-478-3792
399,Jillane,Lamlin,778-115-4953
400,Dulcinea,Osborne,920-539-8346
401,Sharla,Klaggeman,645-319-8448
402,Elene,Varrow,100-500-2770
403,Laureen,Canet,137-125-7447
404,Marcille,Smissen,289-847-0424
405,Chryste,Coxall,884-774-0531
406,Nahum,Tregona,377-210-7894
407,Haze,Farnon,357-387-2341
408,Adolf,Blythe,581-561-3887
409,Tymon,Kirkbright,803-313-7230
410,Perle,Slinn,723-392-1763
411,Sonnnie,Jardein,156-284-2059
412,Kaitlyn,Torricella,144-124-5802
413,Ally,Iacovacci,708-734-6828
414,Flory,Garrals,402-537-3994
415,Felicity,Searchwell,617-573-3002
416,Antonin,Meeny,556-445-7539
417,Abbott,Breache,632-120-2418
418,Salli,Lofts,631-769-9860
419,Evelyn,Munby,852-130-3278
420,Wyn,Veltmann,376-486-5516
421,Tiffi,Dykas,289-363-6181
422,Perry,Hainning,874-198-4430
423,Kristo,Cianni,494-145-3009
424,Findley,Matijevic,632-578-3817
425,Kimmi,Donke,546-363-0906
426,Lindsey,Woods,132-947-8161
427,Elfie,Brewood,783-612-5762
428,Jeannine,Aiton,713-530-3101
429,Forrest,Stachini,847-528-4662
430,Ardella,Hordle,965-358-6598
431,Rosamund,Cornewell,851-227-1121
432,Corilla,Kenna,721-867-3909
433,Emlen,Labon,672-374-4736
434,Althea,Huggens,778-776-8959
435,Shauna,McCullock,384-971-9449
436,Silas,Tritton,483-567-7022
437,Renaud,Croome,489-512-0468
438,Nedi,Wick,896-648-1382
439,Tildie,Foukx,223-647-1053
440,Corney,Frostdick,826-239-0547
441,John,Burchill,319-729-3585
442,Fax,Iacoviello,725-238-7972
443,Sidonia,Ellingsworth,772-967-2115
444,Benson,Issakov,304-550-7753
445,Katlin,Terram,726-714-6559
446,Clayton,Godsmark,792-863-7972
447,Consuelo,Hews,608-844-7820
448,Saudra,Belfelt,405-692-7337
449,Antonio,MacDavitt,863-153-9084
450,Leann,Pachmann,670-726-7798
451,Isadora,Sleight,981-132-7779
452,Joletta,Baddeley,675-316-1249
453,Anstice,O' Mullan,443-844-9319
454,Debbie,Gaynesford,932-591-2337
455,Tim,Crutch,484-235-6115
456,Cynde,Borsay,489-837-6872
457,Irma,Carreck,338-314-2848
458,Delaney,Peinke,174-590-5586
459,Emera,Kas,808-640-0811
460,Ab,Laybourn,966-241-4178
461,Tomaso,Joontjes,977-861-1161
462,Risa,Osmant,258-624-5716
463,Byron,Copeman,536-855-6198
464,Burtie,Betham,769-999-7366
465,Maxwell,Davidwitz,195-810-0422
466,Dionis,Antognetti,976-582-8267
467,Shelley,Belliveau,345-515-4955
468,Abbie,Densell,960-859-5373
469,Osgood,Valsler,193-413-2270
470,Donall,Capper,580-443-4954
471,Gardner,Peterson,114-549-0518
472,Lyndsay,Shoulders,185-622-5312
473,Maria,Bradley,580-410-2802
474,Gwyneth,Chevis,818-389-4283
475,Reece,Lathe,672-186-3045
476,Connie,Goodyer,458-822-6134
477,Dolph,Tuting,125-489-3867
478,Noam,Tythacott,759-340-1057
479,Wendye,Rowly,933-722-7783
480,Ainslee,Prandi,133-892-4473
481,Foster,Treffry,370-130-8653
482,Kerrie,Castillon,914-863-9923
483,Terri,Dosdale,146-874-2564
484,Quentin,Osburn,913-649-9827
485,Zitella,Jeste,821-891-4770
486,Persis,Jean,595-329-3754
487,Gillian,Dunckley,943-380-5472
488,Rafa,Yacob,816-132-2936
489,Evvy,Madgwick,126-363-7197
490,Franklin,Duddell,100-710-9660
491,Mickie,Lowne,622-117-0226
492,Becky,Klimke,157-336-1781
493,Bessy,Lippini,338-345-8165
494,Hedi,Croser,414-320-9469
495,Mendy,Ridoutt,966-798-7959
496,Orel,Humbie,960-362-5770
497,Gill,Coonihan,737-516-7122
498,Kellen,Utteridge,219-692-0816
499,Sebastien,Hicken,152-386-5129
500,Flss,Geratt,277-656-7242
501,Avrit,Tree,971-138-5391
502,Amitie,Kesterton,842-961-5220
503,Marsiella,Dudden,964-103-5950
504,Imogen,Josephi,768-931-8591
505,Nicolea,Cham,748-704-0572
506,Karlotte,Stansfield,767-568-8390
507,Evonne,Yarnall,687-463-6891
508,Chrystel,Fright,443-496-3775
509,Erinna,Karys,218-240-7950
510,Lindie,Gash,594-976-6821
511,Aindrea,Clulow,210-813-7681
512,Cleve,Whisker,256-979-4902
513,Lennard,Ambrosoli,580-259-5227
514,Zita,Arne,404-473-3304
515,Gayler,Broadbent,227-817-0121
516,Juli,Jepps,318-764-0887
517,Richard,Castelletti,861-970-3963
518,Benjy,Sibun,315-198-7090
519,Aubree,Tendahl,949-378-1862
520,Dorry,Roff,426-483-0419
521,Tera,Pebworth,776-667-7169
522,Johnath,Duprey,320-359-1270
523,Oran,Cottham,530-101-4825
524,Diahann,Steagall,351-174-0860
525,Sashenka,Kerridge,887-356-4624
526,Petrina,Looney,484-177-4535
527,Humbert,Andrioli,176-560-0448
528,Binny,Peever,540-703-2794
529,Marlee,Skeleton,271-602-7875
530,Adelheid,Hammer,384-448-5261
531,Wake,Lohmeyer,781-258-1769
532,Ash,Andrysiak,341-303-2611
533,Simona,Munnings,126-215-2573
534,Lucien,Knowlton,346-426-8193
535,Marshall,Browncey,744-966-2719
536,Dollie,Flannery,470-554-6301
537,Ruperta,Ogden,344-318-3102
538,Joyan,Domesday,814-149-7788
539,Nalani,Goldstone,140-591-1646
540,Cathy,Roullier,341-558-0182
541,Catharina,Eddy,937-260-0722
542,Barbee,Lievesley,823-962-1851
543,Brose,Feavers,976-656-0365
544,Blancha,Dominik,824-352-7053
545,Gracie,Lamerton,278-203-0965
546,Juli,Bauchop,479-238-6203
547,Nancy,Locard,389-773-9424
548,Delora,Marple,516-590-2401
549,Orel,Scolli,990-534-9095
550,Morrie,Kyrkeman,778-192-6717
551,Elihu,Chuney,288-226-6051
552,Lisabeth,Boch,781-221-3541
553,Kearney,Astie,247-406-2380
554,Ariel,Pennone,677-563-3103
555,Gil,Balser,160-627-0696
556,Stormie,Sirette,418-657-2055
557,Mickie,Druett,497-712-6889
558,Drucie,Youdell,619-660-3447
559,Caressa,Loughton,822-922-7318
560,Leela,Maskew,398-900-8478
561,Bayard,Durek,316-156-7929
562,Elle,Fortnon,959-552-2850
563,Rosina,Monkman,991-125-3201
564,Olympe,Anslow,662-730-2971
565,Vikki,Guwer,243-248-4178
566,Barclay,Gerraty,328-303-6285
567,Anne-corinne,Binstead,287-670-2596
568,Minni,Revell,193-193-8766
569,Maryjo,Bruckent,982-520-6189
570,Daniella,Basford,979-840-7385
571,Abbey,Skittrell,650-800-1686
572,Charmaine,Tythe,578-528-1695
573,Carmelia,Emmett,458-471-8525
574,Kermy,Skillanders,805-828-5324
575,Reinhard,Strettell,164-417-1833
576,Christine,Stein,324-924-1744
577,Marnia,Tomblin,812-722-3903
578,Salem,Ninnoli,748-139-6213
579,Karalynn,Broadwell,741-584-2972
580,Damara,Fivey,844-254-4768
581,Kriste,Muddicliffe,614-359-5329
582,Gena,Hamlin,525-272-0985
583,Germaine,Patrono,869-748-2966
584,Rhodie,Chadbourn,524-739-6661
585,Emmerich,Ebbins,120-260-2827
586,Harriott,Guiness,941-716-0649
587,Glynnis,Ties,505-904-4079
588,Gale,Harrad,842-897-8278
589,Aileen,Kibby,224-182-4695
590,Ophelia,Taffrey,502-632-3045
591,Tobey,Touret,576-211-8009
592,Jelene,Scothern,106-711-5073
593,Dalia,Meah,620-701-4931
594,Levi,Rainsdon,410-983-8710
595,Mil,Witling,448-435-3075
596,Nixie,Binestead,741-624-4690
597,Tobey,Pietroni,549-973-1716
598,Marney,Winsper,702-513-5441
599,Boyce,MacPeice,950-991-0040
600,Alexei,MacAskie,145-696-6437
601,Holly,Balentyne,980-971-6538
602,Lindie,Hargerie,171-696-9427
603,Devonne,Twamley,998-509-3092
604,Liuka,Glentworth,386-783-5669
605,Hollis,Edgerton,318-200-8514
606,Nicola,Watkins,628-425-3054
607,Aylmer,Mateev,239-736-1532
608,Dyanna,Wollrauch,560-413-2382
609,Joachim,Kloss,242-432-4451
610,Jamima,Yushin,500-743-8156
611,Katuscha,Shand,441-500-5681
612,Raymund,Janos,870-734-4991
613,Jami,Seifenmacher,568-351-1570
614,Christel,Hearthfield,714-348-9049
615,Atalanta,Sarrell,156-773-5621
616,Marji,Adshede,723-167-3631
617,Florian,Malitrott,779-646-9313
618,Fax,Tolefree,892-288-9585
619,Larisa,McGahern,432-845-7832
620,Billi,Domico,762-704-5867
621,Georgia,Messier,533-744-9839
622,Bat,Piller,967-787-5134
623,Bendite,Kinton,844-481-3847
624,Garwin,Ryrie,242-153-6261
625,Sherry,Dowglass,708-819-5479
626,Ron,Ianniello,326-538-6239
627,Laurie,McKeon,566-634-4016
628,Philippine,Gulberg,840-806-6871
629,Krisha,Klimt,782-144-9614
630,Griffith,Measham,721-340-7655
631,Kimberlyn,Coldtart,779-692-4712
632,Lorianna,Ead,952-259-8332
633,Tucker,MacGilmartin,220-902-0970
634,Bruce,Ayre,219-554-3272
635,Anders,Milesap,380-331-3981
636,Caresse,Amys,700-455-6656
637,Katharina,Nicklinson,479-918-5810
638,Shane,Winspare,898-349-6834
639,Fred,Episcopi,565-444-5349
640,Minnnie,Grishin,870-126-5581
641,Lenna,Cheal,680-726-7619
642,Kari,Castella,132-495-2693
643,Adriano,Ballay,307-481-9258
644,Lyn,Gibbon,661-487-8371
645,Rebe,Saladin,743-192-9689
646,Dinnie,Eastridge,444-282-3435
647,Martelle,Breewood,339-353-8654
648,Dara,Baumer,219-518-9690
649,Konstanze,Gleasane,137-380-5890
650,Errick,Blaxlande,213-924-2191
651,Caresa,Beddall,406-233-7350
652,Jacques,Speechly,123-975-7036
653,Arda,McCann,380-293-7054
654,Melisande,Garbar,421-934-8904
655,Lillis,Blakeden,464-524-8306
656,Brittne,Buttwell,215-255-4396
657,Augusto,Allgood,585-722-3833
658,Den,Grief,990-776-0393
659,Fanya,Whitwood,560-553-9507
660,Raymund,Corde,242-264-9549
661,Irita,Eyre,475-520-8025
662,Cody,Cowndley,208-842-3321
663,Agustin,Eggleston,778-803-3654
664,Jack,Boughtwood,956-711-0473
665,Emmye,Tither,974-784-8907
666,Clifford,Raffon,693-357-9952
667,Cristian,Haton,965-426-8602
668,Laurie,Harefoot,430-153-7727
669,Ninette,Gaiford,543-310-7083
670,Franciska,Schustl,114-248-5156
671,Caroljean,Conniam,780-428-3866
672,Link,Davis,742-357-8653
673,Jamie,Behnke,372-870-3932
674,Ferrell,Betjes,316-787-3220
675,Caryl,Gowler,695-713-8738
676,Jackelyn,Loveitt,859-681-4893
677,Mechelle,Tipling,131-497-9476
678,Marcella,Wray,160-234-1799
679,Abramo,Carragher,322-867-7643
680,Daffie,Loudyan,939-532-1818
681,Moreen,Porter,118-910-7949
682,Robin,De Vere,699-992-5385
683,Breena,Richards,571-730-9164
684,Jasmine,Miettinen,574-284-9410
685,Corny,Sharram,926-164-9239
686,Beaufort,Yearnes,651-243-9698
687,Mitchel,Yegorshin,103-666-3842
688,Judie,Ince,205-519-2100
689,Jaquelyn,Bavidge,131-880-8942
690,Mildrid,Dollin,914-982-1619
691,Sherlock,Saban,455-162-6931
692,Kariotta,Courtes,215-961-4414
693,Silvan,MacKeig,600-553-1557
694,Travus,Maskelyne,271-765-9482
695,Kurt,Mulrooney,957-723-3589
696,Carlyle,Pennoni,725-380-4455
697,Ruddie,Jonczyk,780-505-7732
698,Anatole,Izzat,638-489-2429
699,Gradeigh,Lampitt,333-342-6619
700,Salvidor,Beddis,765-674-6973
701,Jase,Szymanowski,622-860-2412
702,Ches,O'Hannen,105-400-2802
703,Fulton,Teasey,495-468-6469
704,Rolland,Leafe,818-534-7899
705,Sara-ann,Landeg,331-130-9806
706,Nicolette,Seatter,132-166-0882
707,Isadora,Cookes,371-723-7279
708,Chandler,Hogbin,295-167-3151
709,Wayland,Slate,693-182-6592
710,Sauncho,Gyles,358-614-7775
711,Kalle,Itzkovitch,196-517-2734
712,Finley,O'Hannen,902-917-5752
713,Abbi,Kemmons,932-411-2126
714,Vic,Eynald,421-707-7478
715,Vivienne,Tooting,452-664-2276
716,Cherice,Goldsberry,181-612-3207
717,Cy,Sopper,405-440-7734
718,Ali,Kerrod,976-507-8474
719,Salvador,Ashe,646-939-4825
720,Rossy,Ready,619-340-1441
721,Garrett,Garling,475-255-6828
722,Lodovico,Pennycuick,228-211-1068
723,Erinn,Hardistry,942-440-5847
724,Berton,Geard,346-526-8583
725,Adan,Goodsal,154-329-5424
726,Simone,Harkness,255-872-1716
727,Zara,Collyns,860-397-5133
728,Raphael,Hobben,338-879-5951
729,Dorette,Hefford,118-893-8510
730,Kasper,Acklands,503-653-9865
731,Pavlov,Rabier,436-666-6397
732,Kacie,Godsil,278-688-0446
733,Nick,Sheather,921-428-9628
734,Morse,Josey,586-639-7551
735,Lenee,Morey,203-447-4369
736,Bail,Tassell,709-507-2327
737,Darlleen,Mea,652-641-4105
738,Clint,Heistermann,402-530-2090
739,Gregoire,Nuttey,938-419-2886
740,Lynsey,Samsworth,341-800-5765
741,Carmine,Vertey,695-635-4883
742,Perice,Skells,741-945-5348
743,Olav,Bakster,277-977-6404
744,Wendie,Beretta,366-329-9959
745,Jefferson,Groombridge,281-694-3889
746,Ezra,Parke,263-300-4034
747,Truda,Collicott,492-951-9838
748,Charmane,Frostdicke,980-681-9128
749,Cinda,Wyett,822-772-5122
750,Roch,Axcell,705-821-1645
751,Gifford,Revitt,740-263-3724
752,Pearle,Ibel,754-744-3470
753,Hill,Pitford,688-269-6213
754,Tomi,Moryson,724-789-8959
755,Tammy,Jouanet,479-183-0687
756,Alma,Morales,891-874-5186
757,Davey,Exer,703-109-0879
758,Cordula,Sailer,659-349-7589
759,Bartlett,Service,952-982-2077
760,Gates,Moan,119-638-5467
761,Alica,Mathissen,436-415-8333
762,Keven,Ferraron,739-725-5178
763,Kirstin,Hyndson,533-656-6236
764,Sam,Station,453-451-6442
765,Karyl,Maha,582-914-8263
766,Trixy,Collinette,846-623-7461
767,Darline,Doghartie,121-354-8802
768,Jesus,Morphet,269-897-2100
769,Adham,Chin,307-800-1613
770,Ruthe,Challicombe,634-902-4158
771,Norby,Petch,996-855-7022
772,Krystalle,Smaleman,391-143-6383
773,Christoffer,Padkin,176-614-3180
774,Martita,Toy,327-196-0714
775,Lea,Sommerville,588-499-5586
776,Delmar,Gowrich,767-439-6223
777,Irving,Pourveer,340-891-8605
778,Donnamarie,Godsmark,608-786-4700
779,Ely,Dominy,800-563-1151
780,Torrie,Pulhoster,704-653-7958
781,Mariquilla,Beller,929-499-2591
782,Dayle,Winley,252-400-9706
783,Giusto,McDonand,228-555-2067
784,Ruy,Meegan,975-293-2936
785,Dieter,Acutt,531-549-9381
786,Cleveland,Moxley,418-333-9546
787,Slade,Allsep,917-530-8806
788,Shay,Janikowski,952-255-7555
789,Liva,Mulrenan,761-460-7978
790,Caroljean,Gasking,458-774-1844
791,Rosanna,Cutten,502-736-9466
792,Shani,Jannaway,411-384-2651
793,Anne-marie,Gutridge,818-931-0763
794,Sindee,Custard,615-635-4012
795,Leesa,Durrance,187-570-3640
796,Adelind,Rosas,873-757-1593
797,Westbrooke,McOwen,469-693-6699
798,Carr,Wimmer,208-125-2154
799,Shelba,Glanton,180-992-0488
800,Ber,Bilyard,414-404-6288
801,Tildy,Yanez,869-889-0241
802,Roland,Mully,729-477-6524
803,Doralynn,De Biaggi,691-825-6091
804,Dael,Ovid,846-716-6876
805,Nora,Burditt,508-284-1917
806,Othelia,Sewards,308-875-5533
807,Elana,Chadwyck,439-230-7722
808,Laura,Mulliner,786-401-8750
809,Adelheid,Dael,353-191-7419
810,Leon,Stemson,970-640-9567
811,Fritz,Rushe,878-382-7476
812,Corbet,Manley,150-438-9850
813,Virginia,Yorkston,598-685-3362
814,Tatum,Vye,626-534-1370
815,Cassey,Klimuk,364-944-8166
816,Jodie,Lavell,274-136-1232
817,Verina,Fagan,598-605-9312
818,Birk,Filippo,118-311-8253
819,Norry,Arnli,437-679-3177
820,Jeanette,Mote,320-192-8944
821,Florinda,Shipway,952-375-7523
822,Cordell,Kubelka,363-107-1540
823,Darlleen,McGoldrick,634-339-3937
824,Patience,Colquitt,830-974-6911
825,Petey,Filippazzo,274-872-9615
826,Zaccaria,Laxson,543-951-8529
827,Gale,Paggitt,492-266-1340
828,Clyve,Fine,817-568-7397
829,Georgianna,Kleanthous,507-296-5188
830,Tillie,Elizabeth,467-210-7572
831,Rennie,Andrysiak,865-265-8224
832,Mick,Ginnaly,581-847-1067
833,Saunder,Baudains,833-186-8006
834,Theobald,Demchen,370-705-2639
835,Gallard,Wooland,921-619-4448
836,Bartholomew,Climpson,437-999-1834
837,Enrika,Keal,650-776-1458
838,Ros,Martusewicz,310-276-2491
839,Birgitta,Kennefick,949-555-6756
840,Guntar,Prydie,925-861-8961
841,Lorry,Dunston,984-722-4981
842,Annamaria,Bagg,954-823-7773
843,Veronika,Rastall,903-519-5239
844,Idalia,Shakesbye,645-578-8062
845,Augustin,Stainer,884-968-6497
846,Adolphe,Francklyn,808-768-6396
847,Roxi,Scholes,285-368-4282
848,Janine,Clerke,149-756-3045
849,Myrle,Diehn,921-893-7580
850,Mariann,Polin,850-258-2010
851,Filippo,Lawlings,924-540-6947
852,Sheffy,Baldrick,224-835-7522
853,Felicio,Moreno,270-203-3411
854,Henrik,Philot,321-699-1743
855,Aube,Wisdom,167-968-5881
856,Pearla,Darwood,608-832-8926
857,Tessy,Olivetti,981-781-5836
858,Kristy,Donavan,298-142-7096
859,Hank,Cookley,862-154-0904
860,Merrill,Rapley,809-943-0829
861,Deb,Ghiriardelli,539-640-7120
862,Regan,Maylam,936-380-1318
863,Dietrich,Lagen,723-357-0932
864,Claudian,MacCleay,895-323-6355
865,Roberto,Lansdowne,240-175-2645
866,Agustin,Spurdens,959-697-0515
867,Wyn,Whittall,147-152-2028
868,Elvis,McInnery,537-172-0738
869,Rafael,Giacomelli,371-342-8230
870,Kelby,Camerana,566-411-8734
871,Sidnee,Lowndesbrough,314-737-6154
872,Irene,Heugle,851-582-4020
873,Ariel,Allwood,806-664-3598
874,Kissie,Jiras,287-550-8802
875,Betteann,Bourdon,461-399-9258
876,Lem,Mc Faul,174-183-6178
877,Kiele,Whebell,105-421-4388
878,Joanne,Menat,464-346-5779
879,Garrik,Sidle,816-359-2918
880,Hannis,Piercey,711-104-5781
881,Rubie,Freschi,903-696-5307
882,Cthrine,Drei,199-407-8096
883,Kristoforo,Reddie,230-277-6387
884,Sibella,Emanson,264-994-1436
885,Tiffany,Salaman,387-532-8535
886,Ulrica,Niesegen,656-284-7322
887,Marlon,Skellon,536-852-1322
888,Patsy,Beves,656-139-8042
889,Janela,Georgeon,528-762-2431
890,Alane,Ewins,888-442-7384
891,Kalila,Packington,468-416-2694
892,Marna,Archell,242-947-9028
893,Estell,Romei,608-863-6632
894,Ilyse,Hamblett,720-679-2427
895,Oswell,Bassford,103-485-6111
896,Burton,Bartoli,420-923-5033
897,Jason,Neising,888-803-8237
898,Vere,Houseman,147-129-6692
899,Retha,Doby,686-982-2914
900,Heall,McMaster,162-350-7366
901,Alejandro,Whifen,561-408-8396
902,Lorilyn,Nibley,739-602-6687
903,Hannah,Tremonte,692-545-2317
904,Lynnelle,Corey,406-784-5898
905,Lilllie,Riccard,114-310-9634
906,Lindsey,Rebichon,307-704-0688
907,Cammie,Stoate,135-592-9887
908,Hollie,Hedgecock,549-212-3244
909,Pippa,Hacaud,889-486-7699
910,Demetrius,Surmeyers,263-449-0652
911,Benyamin,Loverock,701-362-9656
912,Axel,Evason,180-356-3570
913,Leland,Morrice,544-717-3190
914,Else,Labarre,488-373-3219
915,Charita,Sizeland,428-555-3661
916,Davide,Erett,654-334-6286
917,Mara,Mudd,199-389-4017
918,Leeann,Jacob,508-355-7529
919,Nicolina,Brimson,683-813-1489
920,Kellby,Duggon,239-768-6260
921,Verene,Benardet,967-363-7229
922,Dottie,Kilrow,942-868-8441
923,Giordano,Deneve,642-953-5240
924,Faina,Warrington,650-967-1412
925,Morganne,Ardy,273-655-5103
926,Silvan,Hallard,655-378-6027
927,Rik,Battany,490-681-9158
928,Mart,Lapere,609-554-9289
929,Rickie,Westgate,586-141-6701
930,Mommy,MacLure,943-691-1831
931,Waite,Tallent,153-616-5358
932,Jaquenetta,Laible,340-246-1671
933,Kristian,Tenaunt,785-830-6381
934,Meggie,Eves,208-819-0743
935,Mano,Cardoso,207-856-0843
936,Ninon,Besse,683-706-6926
937,Brianne,Bulfit,489-340-0781
938,Charlene,Dishman,193-553-1178
939,Romonda,Everingham,209-500-8254
940,Felike,Ovill,162-745-7694
941,Giffer,Luney,374-518-7840
942,Alison,Jeves,616-252-0095
943,Brendon,Pidgeon,405-640-3162
944,Ramsay,Thomesson,407-537-9241
945,Bobbi,Medland,617-869-9529
946,Dalli,Pilmore,826-586-9984
947,Anallise,Agus,945-742-2314
948,Lyndsey,Blakesley,470-564-8399
949,Cody,Klimczak,131-797-9568
950,Berget,Shaudfurth,821-277-3899
951,Clemens,Overall,657-288-2733
952,Nikos,Binnell,944-923-3663
953,Karlotte,Skittrell,605-696-2722
954,Ysabel,Chillcot,257-420-4440
955,Sibel,Imort,345-336-8720
956,Mathe,Hanley,118-240-6054
957,Bell,Wingham,493-422-2435
958,Raffaello,Gristhwaite,415-677-3887
959,Alvan,Allchorne,811-589-6606
960,Jeannine,Franz,654-558-6427
961,Celeste,Evemy,243-181-4948
962,Sigismund,Liffe,896-943-0017
963,Dinnie,Waddington,545-401-8882
964,Gay,Kelston,177-649-5741
965,Henrieta,Spadelli,920-371-3029
966,Katherine,Minton,139-399-5426
967,Rubina,Leber,393-963-3471
968,Roselia,Lissandre,399-371-8580
969,Joey,Worthy,574-268-6584
970,Urbain,Teissier,807-776-3474
971,Jamil,Cartwight,561-641-3324
972,Ora,Caghan,634-416-7017
973,Donella,Bodycote,247-711-3881
974,Hilarius,Pecey,243-974-3403
975,Bertrando,Bunney,327-354-2767
976,Jocelyne,Stoll,533-514-5409
977,Kay,Drummer,781-801-4021
978,Libbi,Apdell,727-423-3647
979,Marabel,Ruckman,977-772-9366
980,Tanny,Sepey,497-207-6269
981,Garrott,Challiss,675-876-8258
982,Sula,Letterick,217-576-1954
983,Adelbert,Stopps,629-803-5662
984,Dicky,Ygoe,629-322-6801
985,Elliott,Tremethack,641-880-7608
986,Claiborn,Attewill,742-496-1599
987,Anetta,Bartocci,159-213-4241
988,Tarrah,Jurkowski,675-591-3877
989,Vance,Kevis,615-841-8218
990,Alia,Flement,687-524-4940
991,Chaunce,Fallowfield,251-333-6803
992,Pamelina,Atwood,534-178-3058
993,Remus,Coase,976-791-1940
994,Des,Van Cassel,772-596-4316
995,Paloma,Latta,685-479-0984
996,Barbey,Darlaston,337-415-2499
997,Aksel,de Guise,857-713-9757
998,Evita,Blanc,438-236-8421
999,Alan,Galley,200-565-1301
1000,Karlen,Monnery,911-662-3192
